"funding_source","living_arrangement","distance_km","social_outings","library_visits","monthly_expenditure_Y"
0,"3",8.15,1,7,3868.46
0,"3",13.64,2,15,3845.74
1,"2",2.98,3,15,5131.5
1,"2",5.1,4,16,4906.16
1,"3",9.33,4,14,7248.67
1,"2",5.2,7,16,8006.92
1,"3",7.57,4,11,7216.03
0,"1",0.07,7,18,4370.45
1,"2",4.04,5,12,6021.46
0,"3",11.25,4,21,4364
1,"2",7.25,5,14,6337.72
0,"3",5.92,0,14,3116.46
0,"2",6.47,7,15,4826.39
0,"1",0.08,4,15,3778.58
1,"2",4.72,6,9,6463.96
1,"2",6.33,5,16,6868
0,"3",13.88,4,24,4456.65
1,"2",5.97,4,12,5192.53
0,"2",7.54,6,17,4936.56
1,"2",8.06,4,17,6090.1
1,"2",4.05,3,8,5677.08
1,"2",4.41,6,12,6479.33
0,"2",7.14,4,16,4833.92
1,"2",3.92,4,16,4945.56
0,"3",17.98,5,18,4876.12
1,"2",4.53,6,16,7059.55
0,"3",21.34,5,15,5444.18
1,"2",5.12,5,17,6662.04
1,"2",4.7,5,15,6411.01
0,"3",15.89,5,12,5270.63
0,"1",0.12,1,8,2209.75
0,"2",6.4,5,12,3743.4
1,"1",0.17,4,21,5903.77
1,"2",4.21,1,20,3057.47
0,"3",12.27,1,9,3084.55
0,"3",12.3,2,18,4696.36
0,"2",5.4,7,12,4374.1
1,"3",9.61,6,15,7611.16
0,"1",0.07,4,11,2332.88
0,"3",15.55,6,8,5631.36
1,"2",4.8,4,16,5275.04
1,"1",0.14,1,13,2723.18
0,"3",12.47,5,16,5463.4
1,"3",16.54,4,15,6461.06
1,"2",7.76,5,18,6438.18
0,"2",7.74,3,8,2821.14
0,"1",0.1,6,23,4142.74
1,"2",8.11,3,14,4267.28
1,"3",12.11,3,8,7218.36
1,"2",3,2,14,4298.95
0,"1",0.15,5,15,3330.58
1,"3",18.04,2,16,5451.33
0,"1",0.13,3,9,3461.41
0,"1",0.09,8,12,4756.31
0,"3",15.02,1,12,3591.64
1,"1",0.17,4,9,5604.41
1,"1",0.06,6,15,6187.45
1,"2",7.39,5,12,6574.86
1,"1",0.07,3,22,4794.3
1,"2",1.4,4,9,5215.24
1,"2",6.86,4,11,5538.32
0,"1",0.16,4,11,3875.15
0,"3",10.59,4,11,5163.21
0,"3",10.59,1,15,3017.62
1,"2",7.44,8,14,7885.5
1,"2",5.34,6,9,6371.95
0,"3",9.72,6,14,5323.65
1,"3",10.96,5,14,7574.96
0,"3",8.4,7,14,6527.27
1,"3",3.06,3,10,6658.96
1,"1",0.21,3,17,5094.49
0,"2",4.09,4,11,3657.04
1,"1",0.15,6,18,6419.82
0,"1",0.15,5,6,4199.42
1,"2",3.34,4,8,6348.18
1,"3",4.76,5,15,6847.5
0,"1",0.11,6,16,3678.1
0,"3",20.39,1,17,3498.43
1,"2",4.98,2,18,4007.11
1,"1",0.13,2,16,3893.73
0,"2",4.7,6,10,4482.1
0,"1",0.14,9,12,5390.91
1,"1",0.13,4,21,6097.83
1,"1",0.14,2,8,3564.23
1,"2",6.77,6,12,6507.73
1,"1",0.11,1,11,3451.22
0,"3",14.14,3,17,4221.79
0,"1",0.12,7,15,3473.05
1,"2",8.69,2,16,4613.87
1,"2",4.28,3,18,5196.07
0,"1",0.08,1,15,2169.29
1,"1",0.11,5,11,5574.39
1,"1",0.15,2,12,5152.51
0,"2",5.26,4,13,2778.26
1,"2",4.17,6,12,7187.18
1,"2",6.72,8,17,8764.4
1,"1",0.02,6,19,5609.15
1,"2",5.11,4,14,5257.85
0,"3",12.85,5,13,5595.99
1,"2",2.18,3,20,5479.52
1,"2",3.4,0,19,3204.48
1,"1",0.09,1,10,3593.75
1,"3",1.35,3,26,6446.92
0,"2",7.31,4,13,3699.3
1,"2",3.68,3,15,4975.65
1,"2",7.45,6,23,6494.08
0,"3",22,6,12,5004.82
0,"3",12.29,4,19,4934.94
1,"2",5.71,6,16,6871.25
1,"3",12.64,5,18,7673.45
1,"3",7.2,7,14,8206.18
1,"1",0.06,8,17,8105.8
1,"2",7.48,2,12,4871.76
1,"2",2.9,5,12,6067.02
1,"2",7.56,3,13,5028
1,"2",4.81,5,13,7308.05
0,"3",18.06,4,19,4302
1,"2",6.85,1,15,3592.03
0,"2",5.61,3,16,3208.28
0,"1",0.11,1,12,3305.64
1,"3",5.08,2,14,5529.45
0,"2",4.89,0,20,2043.9
0,"3",4.57,4,10,4037.39
0,"1",0.12,1,10,2557.99
0,"3",20.49,3,17,4375.19
1,"2",5.16,4,7,5459.85
1,"2",1.89,4,11,4856.32
0,"3",17.08,3,15,4913.69
1,"2",4.06,3,9,5016.35
0,"3",6.19,3,5,3935.67
1,"2",3.73,5,10,5578.23
0,"3",12.79,1,12,3580.66
0,"2",8.53,7,16,5254.94
1,"2",4.64,1,15,3646.3
1,"1",0.03,3,14,5030.31
1,"2",2.86,4,8,5675.43
1,"2",5.05,2,17,4473.65
0,"3",13.76,3,19,3740
1,"3",5.35,7,12,8475.06
1,"2",2.44,4,13,5770.43
0,"3",7.79,5,18,5674.69
1,"2",3.45,6,14,6167.44
0,"3",19.18,5,14,5697.85
1,"3",7.19,4,21,7373.78
0,"1",0.01,5,11,2724.92
1,"2",7.83,4,21,4425.77
1,"2",2.21,5,13,5488.28
0,"3",11.23,3,19,3891.08
0,"3",12.87,3,15,3713.32
1,"2",6.81,6,17,6955.7
1,"2",5.88,10,13,9749.28
0,"2",8.03,4,10,4057.74
1,"1",0.11,6,16,6289.59
0,"3",6.63,4,11,5024.33
1,"1",0.11,0,11,2894.9
0,"1",0.17,2,12,2705.18
1,"2",7.16,5,15,6257.69
0,"3",11.73,3,4,3760.83
0,"1",0.14,5,17,3123.19
0,"2",6.55,2,10,4079.49
0,"2",4.15,7,14,3868.12
0,"3",14.57,6,23,5797.26
1,"1",0.1,4,12,5396.64
1,"2",5.38,1,14,4145.52
1,"2",7.97,2,11,4285.41
1,"2",7.82,6,17,6500.35
1,"2",4.75,4,17,4805.56
0,"3",13.74,3,17,5301.83
1,"3",16.63,3,13,5590.81
0,"2",0.83,3,12,3172.26
1,"1",0.03,1,15,3004.91
1,"1",0.07,4,11,5488.49
0,"3",7.49,1,12,3328.82
1,"1",0.09,5,6,5368.86
1,"2",7.91,4,7,5716.23
0,"3",10.46,6,11,6009.03
1,"1",0.03,5,12,5867.25
0,"1",0.18,1,10,1810.59
0,"1",0.04,5,10,3355.4
0,"3",9.4,2,16,3266.09
0,"2",3.2,3,14,2913.14
1,"2",2.52,2,24,4367.16
1,"1",0.08,4,15,5535.07
0,"3",3.6,4,14,3913.03
0,"2",7.21,4,15,3439.01
1,"2",7.07,3,11,4552.97
0,"1",0.02,4,17,3239.63
0,"2",4.36,6,10,4737.41
1,"2",5.04,5,4,6021.07
1,"3",9.76,4,12,7591.26
1,"2",7.23,8,17,6773.54
0,"2",3.69,7,9,5436.23
0,"2",2.73,5,17,3489.19
1,"1",0.02,2,11,4070.41
1,"2",2.38,2,20,3944.86
1,"2",3.56,8,16,7165.04
0,"2",3.87,1,14,3502.78
0,"3",13.37,5,23,5089.04
0,"3",8.65,9,19,6293.93
1,"2",4.43,2,16,4485.98
1,"1",0.16,7,14,7538.33
1,"3",16.01,3,8,6221.16
0,"2",4.33,3,16,3167.24
1,"1",0.11,3,18,4828.91
0,"3",7.47,4,13,4853.22
1,"1",0.1,3,17,4042.22
1,"2",5.37,2,19,3970.09
1,"1",0.13,5,17,5852.9
1,"1",0.01,5,23,5126.02
0,"3",13.64,5,15,5412.25
1,"1",0.12,6,10,6770.98
1,"2",4.58,2,21,5053.3
0,"2",2.14,4,12,3835.04
1,"2",4.43,9,12,8744.65
0,"1",0.09,1,13,1973.45
1,"3",12.04,2,14,6109.21
1,"2",5.77,6,21,6651.29
1,"2",5.14,5,12,6286.31
1,"2",6.19,4,14,4922.97
1,"2",8.72,1,17,3126.16
1,"2",6.07,4,12,5657.72
1,"3",12.75,4,10,7304.24
1,"2",5.67,5,11,5751.89
1,"1",0.13,3,15,4883.33
0,"2",5.21,5,21,4012.67
1,"1",0.01,4,9,5281.38
0,"1",0.06,7,14,4553.85
0,"2",4.98,8,17,5243.98
0,"2",6.04,3,9,3266.9
1,"2",4.12,2,15,5728.13
0,"3",8.23,6,15,7404.63
1,"2",4.72,3,25,5505.9
0,"2",5.9,3,13,3577.58
1,"3",11.48,2,18,5597.13
1,"1",0.13,4,14,5175.88
1,"1",0.04,4,8,4789.44
1,"1",0.03,1,17,3277.6
1,"2",8.12,8,20,6881.96
0,"2",4.66,2,20,2865.3
0,"1",0.12,5,6,3619.62
1,"1",0.12,3,16,4250.13
0,"3",14.45,3,6,4101.96
0,"1",0.08,3,13,4023.75
1,"1",0.08,1,12,3226.52
0,"3",9.92,7,15,4816.95
0,"3",11.26,5,14,5309.01
0,"1",0.09,6,11,4062.57
1,"2",6.57,4,17,4885.11
1,"2",0.55,1,14,3600.81
0,"2",6.84,3,14,2970.93
0,"3",5.41,5,11,4833.3
0,"2",6.04,1,14,2479.07
1,"2",6.24,2,15,4537.02
1,"1",0.1,4,14,5537.61
1,"3",14.04,2,11,6066.86
1,"2",3.21,3,13,4868.54
1,"1",0.16,4,5,5093.08
1,"1",0.17,2,14,3866.04
1,"1",0.14,2,10,3978.1
0,"3",12.76,7,13,6444.71
0,"3",11.79,3,6,4931.77
1,"3",10.14,8,14,9157.36
0,"1",0.11,4,18,4111.71
0,"2",8,9,16,5692.82
1,"1",0.14,3,13,4677.79
1,"2",6.25,1,14,3977.77
1,"3",12.39,4,14,7242.51
0,"3",10.64,4,14,4609.33
0,"3",9.14,5,13,5649.1
1,"1",0.14,4,13,5161.42
0,"3",12.81,2,12,4851.19
1,"3",14.21,4,23,7589.83
1,"2",0.57,1,22,3331.87
1,"2",3.47,3,15,5041.75
0,"3",15.05,8,14,5368.35
0,"3",6.65,4,11,4967.89
1,"1",0.06,4,8,6100.86
0,"1",0.16,6,18,4397.54
0,"3",15.12,10,13,6799.16
1,"2",1.36,5,10,5516.16
0,"3",16.85,3,19,3772.5
1,"1",0.09,6,16,6090.1
0,"3",7.96,3,12,4580.84
0,"3",6.81,4,16,5002.44
1,"1",0.12,1,11,3758.04
0,"3",18.72,2,20,5234.73
0,"2",3.99,5,18,4130.9
1,"2",3.78,1,20,4264.74
1,"1",0.04,3,14,4515.94
0,"1",0.01,3,14,2706.16
1,"2",3.69,3,13,5729.12
1,"1",0.14,2,14,4125.85
1,"3",6.9,3,28,6798.99
0,"1",0.15,6,9,4128.22
1,"1",0.09,3,19,4635.04
0,"3",10.17,9,3,6904.21
1,"3",5.23,2,12,6528.09
0,"3",14.05,4,15,4438.4
1,"2",8.25,5,10,6241.42
0,"3",8.97,6,17,5438.99
0,"3",16.81,4,14,5568.94
1,"3",11.2,7,16,8648.11
1,"3",2.23,4,15,6492.2
1,"2",3.53,2,18,4119.55
0,"1",0.14,5,12,3319.91
0,"2",5.31,5,5,3475.33
0,"3",13.4,1,15,3895.38
1,"2",3.98,3,8,5144.29
1,"1",0.1,3,17,4413.6
1,"1",0.18,4,14,5084.58
1,"1",0.07,6,16,6498.73
1,"1",0.12,0,24,2432.1
1,"2",6.23,4,20,5823.63
1,"1",0.08,3,24,3930.99
0,"2",1.71,3,13,2935.19
0,"1",0.02,4,17,3493.24
0,"3",12.81,3,15,3767.89
0,"3",18.22,5,16,4804.54
0,"3",18.44,6,10,5780.06
1,"3",11.92,5,17,8089.39
1,"1",0.22,3,15,4782.13
1,"3",15.38,3,11,6775.23
1,"2",4.42,3,12,4382.79
1,"1",0.15,4,13,5654.5
1,"2",3.23,3,17,5114.85
0,"3",8.76,7,16,6019.24
1,"1",0.11,1,19,3560.51
0,"3",13.29,3,13,4905.67
0,"2",5.29,4,13,3891.06
1,"1",0.18,4,5,5689.8
0,"3",13.38,4,14,4397.03
0,"1",0.21,5,22,3732.24
1,"1",0.09,5,17,5875.66
1,"1",0.09,4,13,6229.72
0,"2",6.06,0,19,865.82
1,"1",0.04,3,15,3996.97
0,"2",5.65,4,14,3649.08
0,"3",10.43,5,14,6003.05
1,"2",4.32,1,11,4422.74
0,"3",15.78,3,12,5225.31
1,"2",4.43,6,10,6881.4
1,"3",10.02,3,11,6885.8
1,"2",5.35,4,17,6245.95
1,"2",5.5,2,18,4812.61
1,"1",0.11,6,20,6341.3
0,"2",4.89,1,19,2137.19
1,"2",5.8,2,14,5452.76
1,"2",3.82,3,12,4487.99
1,"3",14.01,3,17,6770.53
0,"2",5.22,1,17,2902.02
0,"3",10.74,5,13,5024.76
1,"1",0.1,1,12,4189.37
0,"2",4.75,5,13,4148.44
1,"2",2.97,8,11,7935.67
1,"3",10.62,9,11,9933.89
1,"1",0.12,2,18,4442.07
0,"1",0.09,5,14,4193.83
1,"2",4.81,1,14,3971.76
0,"3",8.95,6,13,5359.8
1,"1",0.05,4,13,5064.09
0,"2",4.18,1,14,2205.18
1,"2",6.03,1,22,3865.57
1,"1",0.11,5,19,5604.36
1,"2",5.45,5,7,6345.29
0,"3",3.74,5,9,5188.89
1,"2",5.97,2,13,4516.22
0,"1",0.03,5,14,3017.05
1,"1",0.1,7,12,7541.61
1,"3",6.15,5,21,7422.32
1,"1",0.11,3,11,4074.94
1,"1",0.09,4,8,5344.84
0,"3",9.58,3,12,4322.64
1,"1",0.05,0,10,3041.52
0,"3",15.5,6,20,5168.01
1,"1",0.12,2,18,4074.14
0,"2",3.29,6,16,4292.24
1,"3",11.7,3,18,5116.29
1,"2",5.3,2,14,4731.68
1,"2",4.79,2,7,4133.4
0,"2",2.5,5,11,3910.35
1,"1",0.11,8,4,6838.2
0,"1",0.15,4,22,3527.29
0,"2",5.56,6,19,3985.16
1,"3",14.03,5,16,8037.63
1,"1",0.1,1,22,3830.25
0,"3",6.64,6,18,6251.27
1,"3",13.5,5,24,6826.08
1,"2",3.72,6,9,7138.85
1,"2",4.59,1,9,4194.96
0,"3",5.59,3,11,5938.42
1,"1",0.16,3,11,3798.87
0,"1",0.11,4,4,2089.25
1,"2",3.67,7,24,7964.85
0,"2",7.12,2,13,2409.78
1,"2",6.78,2,10,3328.52
0,"3",12.88,2,12,3362.31
1,"2",5.45,6,13,6885.93
1,"1",0.03,4,16,5711.11
0,"3",3.83,5,8,5794.71
1,"2",2.49,3,6,4474.34
1,"2",4.41,3,21,6347.93
0,"3",11.1,5,22,5253.7
1,"3",14.45,4,15,6368.25
0,"2",4.93,5,18,3606.86
0,"3",11.89,1,16,3968.71
0,"2",4.63,8,13,5838.63
1,"2",6.97,6,19,5753.62
0,"3",11.43,7,17,5938.5
1,"2",5.14,5,20,6571.04
0,"1",0.03,4,16,3049.1
1,"1",0.16,4,11,5315.55
0,"3",8.09,4,12,4593.64
1,"2",5.68,4,18,5997.1
0,"3",15.28,3,13,3488.4
0,"2",0.31,4,12,3621.74
1,"2",4.62,3,17,5458.21
0,"3",9.96,5,16,5081.54
1,"2",5.03,4,16,5272.97
0,"1",0.09,3,9,3145.73
1,"2",5.21,4,13,6261.01
1,"2",6.98,4,13,4860.61
1,"2",2.99,3,10,4517.75
1,"1",0.09,4,13,5552
0,"3",13.63,4,4,5384.93
0,"2",3.74,5,16,3987.81
1,"2",3.68,4,13,6538.92
1,"2",3.95,4,10,6252.85
1,"2",3.75,5,19,5934.79
0,"2",2.37,6,13,4509.35
1,"1",0.17,5,15,5534.17
1,"1",0.01,3,19,5144.24
0,"2",4.32,2,18,3339.52
0,"1",0.16,1,9,2913.98
0,"2",5.9,5,13,4288.94
0,"1",0.11,3,17,3054.56
0,"3",14.98,7,13,6690.96
1,"1",0.08,6,22,6810.06
1,"2",3.96,3,7,5084.72
1,"1",0.09,4,12,4327.3
1,"2",2.73,8,4,8971.25
0,"3",17.94,5,23,4699.28
0,"2",6.96,6,8,4314.31
1,"2",4.73,4,14,5435.15
0,"2",6.65,6,12,3401.63
0,"2",2.92,5,15,4246.99
0,"3",8.6,9,10,8287.34
1,"2",4.85,3,11,5473.78
0,"3",8.96,3,5,4302.79
1,"2",3.26,4,14,5994.2
1,"2",3.88,4,17,5010.54
1,"1",0.1,4,19,5655.96
0,"3",10.28,3,14,4454.99
1,"2",4.59,6,19,6599.82
1,"1",0.18,6,15,6976.01
1,"2",6.46,6,21,6410.07
1,"3",3.08,2,17,6793.86
0,"3",17.42,3,18,3652.39
1,"1",0.11,5,17,5522.11
1,"1",0.09,3,8,5303.79
0,"1",0.17,4,12,3081.89
0,"3",14.26,3,17,4330.22
1,"1",0.06,7,17,7958.69
0,"3",17.88,5,18,5722.01
1,"2",6.04,3,16,5601.39
0,"3",12.87,5,12,4368.19
0,"3",11.05,5,21,5060.41
1,"3",10.34,2,26,5356.65
1,"2",3.81,5,17,5275.64
1,"2",10.06,4,9,5244.43
1,"3",13.64,8,19,9729.5
1,"1",0.15,1,23,3410.75
1,"2",5.63,3,17,4318.74
1,"2",4.56,11,20,9318.89
0,"2",7.83,3,19,3274.91
1,"1",0.14,2,13,4490.89
0,"1",0.11,5,15,4092.46
0,"3",14.07,1,18,3955.16
1,"2",3.68,7,10,6564.67
1,"1",0.07,3,7,4951.74
1,"1",0.1,6,13,7201.11
1,"3",14.93,5,12,8562.06
0,"3",6.02,4,12,5480.67
1,"3",8.54,4,15,6568.33
0,"3",14.19,1,17,3937.34
1,"1",0.05,2,14,3859.19
1,"1",0.03,1,17,3420.24
1,"1",0.12,4,15,5537.12
0,"3",12.76,8,13,6511.72
0,"3",15.51,5,18,5431.4
1,"1",0.04,6,21,6395.78
1,"3",12.88,3,11,6546.97
1,"3",5.64,3,9,6264.52
1,"3",17.51,5,18,7529.47
1,"1",0.09,2,13,4720.31
1,"2",3.39,1,15,3343.52
1,"2",3.09,3,14,4776.33
1,"1",0.07,3,20,4986.98
1,"1",0.12,1,11,3555.46
0,"2",6.24,6,20,4731
1,"1",0.22,3,21,4945.64
0,"2",5.4,6,14,3939.1
0,"3",12.95,6,12,4821.63
1,"1",0.17,5,20,6823.87
1,"2",3.35,5,20,5919.8
1,"2",3.76,1,14,4258.28
1,"2",6.21,3,15,4565.37
0,"3",19.35,2,17,3974.17
1,"3",2.09,4,11,7708.41
1,"1",0.07,1,11,3315.8
0,"3",8.9,2,16,4105.73
0,"2",7.12,6,15,4262.66
0,"3",3.94,5,2,5329.37
0,"3",9.26,1,13,2521.86
0,"3",16.98,6,12,5040.49
1,"1",0.09,4,14,4593.16
1,"2",5.07,7,10,6936.01
1,"2",7.84,6,10,6781.26
0,"1",0.1,3,13,2682.21
0,"2",3.98,6,11,4881.29
1,"3",9.16,2,16,5944.74
0,"3",17.42,4,12,4482.41
1,"1",0.08,3,10,5115.48
0,"1",0.02,3,8,2464.67
1,"1",0.13,5,14,6476.15
1,"2",2.01,5,13,5311.41
1,"1",0.1,0,15,3224.08
0,"3",12.52,6,18,5310.38
1,"2",3.88,6,9,6650.38
0,"3",14.65,6,17,5613.75
0,"3",8.35,7,14,5603.38
1,"2",8.16,4,18,5556.07
0,"2",5.3,5,11,4749.08
0,"3",14.48,5,16,4298.37
1,"2",7.58,2,16,4938.76
1,"1",0.16,0,21,3565.9
1,"2",4.66,4,17,5060.05
1,"1",0.09,1,15,3638.31
0,"2",5.08,2,20,2833.56
1,"2",5.03,2,21,4506.98
1,"2",6.27,4,18,5534.8
0,"3",18.44,7,17,5591.95
1,"1",0.11,7,12,6625.5
0,"3",12.81,5,14,5607.56
0,"1",0.02,5,9,3606.89
0,"3",12.5,2,15,3992.6
1,"2",3.96,4,18,4893.53
1,"1",0.05,2,15,3238.59
0,"2",3.41,2,12,3583.57
1,"1",0.1,5,18,6107.91
0,"2",8.66,4,16,3694.64
1,"1",0.17,5,17,5304.87
0,"2",4.43,4,14,3793.54
0,"3",8.91,3,21,3621.26
1,"2",5.09,2,14,4908.36
1,"2",4.18,7,19,6848.55
1,"2",3.15,7,12,7292.31
0,"2",4.11,4,16,4412.81
1,"1",0.11,5,18,5441.66
1,"2",1.64,5,14,6380.85
1,"2",1.67,7,21,6780.53
1,"1",0.16,4,7,6238.5
1,"1",0.14,4,9,5183.68
1,"1",0.07,6,15,6106.98
1,"2",6.93,7,12,7096.41
0,"2",3.82,6,7,4787.1
1,"2",3.47,6,15,6429.91
0,"3",8.84,5,16,5268.89
1,"3",15.83,3,11,6301.79
0,"3",15.63,5,18,6208.52
1,"2",7.27,3,17,4716.09
0,"3",13.28,1,25,3506.34
1,"1",0.07,6,14,6310.47
0,"2",6.13,3,14,2945.75
0,"2",6.67,2,13,2686.1
1,"2",2.8,5,14,5236.54
0,"2",3.56,3,19,2663.31
1,"1",0.06,1,14,3662.07
0,"3",10.31,3,12,3513.08
0,"3",11.12,0,16,2443.7
1,"3",6.95,5,15,7993.62
0,"1",0.1,2,15,2438.08
0,"3",14.72,5,10,5865.2
1,"2",4.02,4,13,5144.69
1,"2",6.16,7,12,7052.07
0,"1",0.03,1,11,2239.58
1,"2",4.83,3,15,5049.86
1,"1",0.07,2,22,4964.12
1,"1",0.14,7,16,7258.01
1,"3",12.15,0,20,3968.27
0,"3",8.89,6,9,5130.25
0,"1",0.01,5,14,4036.45
1,"2",3.13,3,18,4803.79
0,"2",0.31,4,12,4971.49
1,"2",4.86,6,14,6544.93
1,"2",3.36,5,16,6502.38
1,"2",3.41,4,8,5764.14
1,"3",17.49,4,5,6691.81
0,"1",0.11,0,15,1759.45
0,"3",18.76,3,8,4018.48
1,"1",0.12,3,14,4778.99
0,"3",12.5,4,20,5207.91
0,"3",13.92,4,18,5181.87
1,"3",11.82,3,17,6034.4
0,"3",12.63,5,20,6086.79
1,"2",4,5,12,5991.71
0,"2",4.87,8,12,6079.18
0,"1",0.03,6,14,4512.19
1,"3",7.56,7,17,9399.97
1,"2",6.65,6,20,7149.2
1,"1",0.12,4,13,4805.57
1,"2",7.92,3,29,4782.56
0,"3",7.76,4,23,4939.95
1,"2",2.03,8,11,8265.54
0,"3",12.06,4,13,4482.62
1,"1",0.1,3,14,4665.63
0,"3",15.45,4,12,4202.77
1,"1",0.14,2,11,4071.67
1,"3",18.7,5,20,8198.66
0,"1",0.05,4,15,3230.04
1,"2",4.27,3,16,5216.08
1,"2",5.95,1,10,3937.52
0,"3",7.37,5,9,4620.43
0,"2",4.37,5,15,4067.62
1,"3",7.11,3,17,5932.3
1,"1",0.08,5,19,5834.5
1,"2",4.61,5,13,5948.64
1,"1",0.16,4,14,6205.49
1,"1",0.13,4,9,6043.19
1,"2",4.01,3,9,5129.45
1,"1",0.16,4,9,5631.84
1,"2",4.93,2,15,3973.95
0,"3",14.69,6,19,5535.21
1,"2",6.74,5,20,6240.76
1,"1",0.08,3,16,4911.06
1,"2",8.89,4,20,4769.24
1,"1",0.07,5,15,6297.76
0,"1",0.18,4,5,2415.99
0,"3",10.04,4,20,5003.01
0,"3",14.56,1,14,3521.8
0,"3",17.44,2,13,3504.2
0,"1",0,5,8,3482.77
0,"3",8.13,5,17,4957.56
0,"3",12.76,2,20,4601.49
0,"3",12.93,4,14,5339.39
0,"2",5.52,1,15,3205.84
1,"1",0.05,5,24,5711.31
1,"1",0.15,1,6,3668.18
0,"3",15.12,7,4,5494.95
1,"1",0.11,7,14,7988.83
1,"2",6.59,6,13,6591.62
1,"1",0.13,0,14,3611.43
0,"3",14.11,3,14,4149.28
1,"1",0.11,8,15,7712.8
0,"2",3.82,3,9,3387.1
0,"3",16.92,1,21,3595.87
0,"2",4.28,3,17,3195.94
0,"3",8.43,3,9,4351.58
1,"3",12.28,4,8,6666.91
1,"1",0.04,5,14,5134.67
1,"1",0.2,0,12,2535.82
0,"2",3.65,5,11,4357.19
1,"2",6.11,5,8,5631.19
0,"3",17.22,4,17,5487.67
1,"2",5.65,3,12,4916.08
1,"2",5.5,6,13,6159.64
0,"3",14.31,6,8,5537.68
1,"2",7.15,3,17,4401.78
0,"1",0,5,12,4423.88
1,"2",7.43,4,12,5929.86
0,"1",0.12,6,11,4155.99
0,"3",7.36,6,13,6444.64
1,"1",0.16,3,7,4337.38
0,"3",9.68,6,15,5795.1
0,"3",18.48,5,20,5095.5
0,"2",3.65,4,9,3560.31
1,"1",0.12,4,14,5328.09
1,"1",0.16,2,17,4323.05
1,"1",0.14,3,10,4721.15
1,"3",6.72,3,12,6784.3
0,"1",0.18,7,21,4515.12
0,"3",9.1,5,12,4839.36
0,"2",6.26,5,16,4468.43
1,"3",10.29,4,15,6352.31
1,"2",4.01,1,12,4492.7
1,"1",0.14,5,16,5893.01
0,"3",17.43,2,19,3576.47
0,"2",2.04,2,18,3428.9
1,"2",7.35,3,11,4797.92
1,"2",1.15,2,13,4622.58
1,"2",5.93,2,10,5227.65
1,"1",0.05,6,13,5505.81
0,"2",3.19,2,12,3152.68
1,"1",0.13,3,16,4659.51
1,"2",5.43,0,12,2436.15
1,"1",0.11,4,14,5212.16
1,"1",0.13,5,13,4704.07
0,"3",14.12,4,10,4666.63
1,"2",5.98,4,10,5937.84
1,"1",0.1,5,19,5019.43
1,"2",5.41,4,16,5408.12
0,"1",0.11,2,10,1438.72
0,"3",17.01,0,14,3036.08
0,"2",2.46,4,10,3421.35
1,"2",3.47,8,8,7556.78
1,"1",0.15,6,9,6173.81
0,"3",13.73,4,20,4943.66
0,"2",4.48,1,17,2492.51
0,"3",15.81,2,10,3725.66
1,"2",6.54,3,18,5411.49
0,"3",13.05,5,12,5397.68
0,"3",8.23,4,21,4239.2
0,"1",0,4,16,3102.26
0,"3",12.19,3,19,4113.12
0,"2",7.34,2,16,3135.83
1,"2",5.36,4,12,5800.68
1,"1",0.1,4,13,4989.19
1,"2",6.6,4,19,4921.58
1,"2",5.86,3,7,5133.8
0,"2",3.16,2,11,2431.16
1,"3",8.46,5,10,7350.18
1,"1",0.2,5,13,5911.62
0,"3",17.88,0,19,3605.79
0,"2",2.09,6,20,4686.96
0,"3",11.38,1,13,4033.65
1,"2",5.16,0,16,3081.36
0,"1",0.08,0,12,2053.55
0,"2",5.64,8,17,4822.64
0,"2",3.59,2,18,2077.94
0,"1",0.07,6,21,4403.5
0,"2",2.94,4,8,3805.13
1,"1",0.08,5,8,5530.81
1,"2",3.17,5,14,6009.58
1,"2",4.53,1,14,4737.94
1,"2",1.93,1,17,4048.94
0,"3",15.71,6,15,6502.93
1,"1",0.18,3,11,3748.68
0,"1",0.13,1,19,2241.04
0,"2",3.03,5,10,4163.51
0,"3",9.71,3,15,3960.34
0,"3",13.68,8,15,6232.68
0,"1",0.11,7,11,3689.87
1,"2",4.72,4,13,6079.56
1,"3",7.83,3,17,6907.25
1,"2",5.14,6,18,7040.77
0,"3",11.56,5,17,5739.39
1,"3",11.61,4,7,6726.99
0,"2",6.92,7,18,4229.5
0,"1",0.15,2,17,2335.32
1,"1",0.13,4,2,4420.86
1,"1",0.11,0,15,3592.51
0,"3",10.06,3,16,5428.27
0,"2",7.18,5,18,4039.5
0,"3",3.65,6,14,5940.76
0,"3",12.12,4,15,4914.04
0,"2",2.16,3,18,3580.41
0,"3",18.56,3,11,4173.61
1,"2",3.65,5,10,5869.14
1,"2",5.6,5,18,6328.14
0,"1",0.03,5,16,3319.65
1,"2",2.83,2,14,3733.58
1,"3",11.24,3,5,6416.06
1,"2",3.14,7,15,7033.21
0,"3",13.98,2,22,4713.4
0,"1",0.16,3,14,2418.92
0,"2",4.54,7,13,4777.38
1,"2",7.71,2,17,4678.12
0,"3",12.81,5,13,5078.22
0,"1",0.1,6,15,3632.1
0,"2",4.38,2,16,2440.1
1,"2",3.3,5,10,5325.15
1,"2",5.87,4,13,6244.09
1,"1",0.16,2,17,4547.29
1,"1",0.09,2,18,4077.11
1,"2",7.23,2,21,4697.29
0,"3",13.31,7,19,6025.74
1,"2",5.38,0,14,2656.61
1,"2",5.01,5,9,6023.54
1,"1",0.08,4,15,5665.12
1,"3",11.84,3,19,5999.48
0,"3",10.85,4,18,4391.53
0,"2",3.86,4,9,3704.65
1,"1",0.04,5,16,5829.3
0,"1",0.04,5,8,3728.31
0,"2",5.27,7,14,5091.61
1,"2",7.43,4,20,6238.78
1,"1",0.19,6,14,5774.15
1,"3",9.74,7,16,8900.98
1,"2",7.25,6,17,6527.34
0,"3",12.7,1,25,3736.85
1,"3",12.43,6,11,8116.88
0,"2",5.14,2,12,2677.66
1,"2",6.06,1,11,4273.17
0,"3",14.45,1,20,3204.4
1,"2",3.56,2,16,3704.87
1,"2",6.75,2,12,4733.58
1,"1",0.11,9,14,7578.99
1,"1",0.14,3,15,3807.53
0,"3",11.4,1,17,2729.69
1,"2",3.25,2,15,3946.85
1,"2",0.41,2,10,3508.01
1,"1",0.02,7,12,7228.95
1,"2",5.38,3,9,5334.55
0,"1",0.18,2,16,2318.67
0,"1",0.11,3,9,3019.56
1,"2",1.88,7,15,7679.25
1,"1",0.11,4,21,4945.53
1,"3",16.05,5,8,7368.67
1,"1",0.09,3,8,3871.31
1,"2",5.26,4,15,6019.2
0,"1",0.07,6,23,4657.52
1,"2",5.05,3,12,5353.98
1,"1",0.06,3,13,4620.25
0,"1",0.17,3,15,3632.28
0,"1",0.12,4,15,3408.17
1,"1",0.03,4,10,6147.81
0,"1",0.07,4,17,4232.18
0,"3",17.05,5,11,4792.22
1,"2",1.89,2,16,4164.2
1,"2",4.1,2,13,4439.38
0,"3",4.36,7,18,6225.38
1,"3",10.45,4,12,7980.27
0,"2",3.55,6,13,3784.4
0,"2",4.32,9,15,5899.75
0,"2",2.56,8,14,3853.83
0,"1",0.15,5,18,4258.48
1,"1",0.06,6,17,5801.01
1,"1",0.03,3,14,4155.7
1,"2",2.75,2,13,3661.14
0,"3",15.37,3,15,4044.67
1,"2",3.95,4,11,5127.28
1,"3",8.31,3,11,6495.4
0,"3",16.38,2,11,4120.86
1,"1",0.17,6,14,6728.19
0,"3",11.28,4,18,4976.98
1,"1",0.11,8,11,7063.52
1,"1",0.15,3,15,5054.11
0,"3",6.75,4,21,5005.26
1,"1",0.08,4,15,5678.63
0,"3",16.83,8,14,6295.57
1,"3",11.17,6,17,8514.73
1,"1",0.07,5,17,5828.25
1,"1",0.12,6,14,6743.63
1,"3",9.65,8,14,9034.58
1,"1",0.14,5,12,7159.26
1,"1",0.08,7,12,6719.76
0,"3",13.34,7,24,6267.4
0,"2",4.74,5,16,3564.55
0,"3",7.91,5,10,4190.24
1,"3",17.83,6,15,7843.41
0,"2",7.69,4,15,4176.19
0,"1",0.11,6,15,4023.21
1,"2",7.16,4,27,5589.36
1,"2",8.66,4,15,5426.11
0,"3",13.18,5,19,5050.13
1,"2",9.24,1,7,3780.77
1,"1",0.03,5,17,5193.72
1,"1",0.08,3,18,5141.83
0,"3",7.97,1,13,3469.42
1,"2",7.14,1,27,2649.64
0,"3",11.38,1,20,3896.78
1,"2",5.83,1,13,4344.84
1,"2",3.97,4,14,5580.9
1,"1",0.05,4,12,5820.26
1,"2",5,0,11,3102.96
1,"1",0.12,4,18,5467.8
1,"3",14.81,4,11,6542.84
0,"3",15.23,3,10,4244.33
1,"2",4.13,4,17,5558.18
1,"1",0.1,6,20,6016.99
0,"3",14.92,7,13,5368.75
1,"2",2.19,3,9,4201.4
0,"1",0.09,7,17,4095.21
0,"3",12.81,8,10,5898.95
1,"2",5.48,4,13,5421.71
0,"2",8.73,2,30,2845.6
0,"3",14.64,4,18,4924.35
1,"2",7.32,3,20,5093.93
0,"3",3.05,5,8,5207.59
0,"1",0.14,3,9,3469.3
1,"2",6.16,3,19,4908.5
1,"1",0.1,2,21,4155.5
1,"1",0.1,3,17,4071.59
0,"1",0.11,3,14,3628.21
0,"2",1.65,4,10,3462.52
1,"2",5.25,8,14,7965.13
0,"3",12.41,6,12,6127.56
0,"2",6.81,2,10,2751.72
1,"2",5.09,4,5,4625
0,"3",9.99,6,9,4441.17
0,"2",4.8,6,7,4433.23
1,"2",8.65,3,13,4216.49
0,"2",2.95,2,22,3207.75
1,"1",0.11,4,11,5133.09
0,"2",4.19,2,7,2657.43
0,"3",10.49,7,13,5468.79
1,"1",0.14,2,10,4796.95
0,"3",10.07,3,18,4479.67
0,"2",7.25,4,21,3573.97
1,"2",6.96,2,11,5053.04
0,"3",6.04,6,17,5281.96
0,"3",13.91,2,24,3855.54
0,"3",17.14,2,20,3433.99
1,"1",0.05,5,12,6102.71
1,"2",8.04,4,18,5491.77
0,"3",15.76,1,16,3277.4
1,"2",4.41,2,15,3969.04
0,"3",18.96,2,14,4934.1
0,"1",0.05,3,17,3237.22
1,"1",0.17,4,11,5251.86
0,"2",6.82,5,17,4232.21
1,"1",0.08,5,14,6337.4
1,"2",5.14,6,17,6418.31
1,"1",0.09,5,18,5966.73
0,"2",5.47,3,9,3185.08
1,"1",0.18,3,13,5510.78
1,"1",0.08,1,10,3867.94
0,"3",10.99,6,13,5298.02
1,"2",8,5,20,6873.76
1,"1",0.13,7,17,6762
1,"2",4,0,14,3251.36
0,"3",9.64,6,16,5862.56
1,"1",0.09,4,12,4066.04
1,"1",0.22,6,13,6542.68
1,"1",0.19,5,10,4924.98
0,"1",0.07,1,15,1725.13
0,"3",6.8,3,13,3848.94
1,"1",0.03,1,14,3297.2
1,"1",0.05,4,18,5109.32
1,"1",0,1,21,3694.27
1,"2",5.57,2,21,4840.51
0,"3",15.99,4,22,5579.52
0,"3",4.74,3,14,4558.2
1,"2",4.48,5,18,6633.55
1,"2",7.14,9,5,8664.71
1,"2",5.57,6,8,6534.52
1,"1",0.06,1,21,3589.11
1,"1",0.01,8,23,7065.54
0,"1",0.04,1,15,2061.18
1,"1",0.17,2,17,4159.46
1,"2",5.76,6,13,6788.9
0,"3",10.35,7,15,6163.99
1,"1",0.13,5,13,7109.39
1,"2",2.81,5,17,5848.83
1,"1",0.05,6,15,6307.41
1,"2",4.71,5,3,6969.33
1,"1",0.11,6,17,6990.23
1,"2",6.46,7,10,7613.87
1,"2",7.52,5,18,6506.43
0,"2",4.76,6,14,4479.95
0,"3",10.01,6,15,5609.99
1,"1",0.23,0,22,3260.16
1,"2",5.83,6,12,5891.04
0,"3",20.9,5,12,5249.88
1,"2",6.39,3,14,4922.8
1,"1",0.08,5,19,5118.12
1,"2",9.77,3,20,5129.19
1,"2",3.84,4,10,6166.63
1,"1",0.03,4,11,5757.14
0,"2",2.77,5,4,4452.55
1,"2",2.13,0,21,2816.72
1,"1",0.14,7,11,7745.05
0,"3",6.39,6,16,5227.39
1,"1",0.06,6,14,6348.33
1,"2",2.18,5,18,5485.9
0,"3",16.08,6,8,5367.13
0,"1",0.1,4,15,3579.9
1,"2",5.8,5,13,7092.89
1,"2",0.67,5,14,6188.55
1,"1",0.11,1,12,3058.62
0,"2",8.75,7,17,4792.48
1,"1",0.06,1,16,3612.23
0,"1",0.09,1,18,2018.02
0,"1",0.13,6,12,4605.64
1,"1",0.02,3,20,4710.31
1,"1",0.16,6,11,6455.77
0,"2",5.08,2,15,2535.12
1,"2",2.44,3,17,4954.43
1,"1",0.06,2,7,4556.34
0,"2",4.23,5,14,3768.42
0,"2",4.09,6,17,4487.92
1,"1",0.1,11,10,8535.95
1,"3",10.58,5,6,7039.51
1,"3",5.35,7,20,8497.61
1,"2",5.71,9,16,8812.4
1,"2",6.38,6,14,6642.94
1,"2",5,5,10,5966.01
0,"1",0.07,5,13,3665.31
0,"3",9.63,3,17,4100.4
1,"2",5.62,7,15,7720.89
0,"2",8.36,7,10,3785.55
0,"2",0.49,0,6,1843.68
0,"3",8.41,2,15,4717.51
0,"3",19.21,4,20,4654.37
1,"2",3.9,0,18,4091.82
0,"2",4.69,3,21,3771
1,"2",10.01,6,16,6431.8
1,"2",5.87,4,12,5875.39
0,"3",9.67,7,11,6050.8
1,"2",2.57,4,6,5851.81
1,"2",9.04,7,15,7556.64
