"student_spending","hours_study","social_outings","fin_lit","living_arr","funding","distance"
2705.67794735207,20.5161948275823,3,47.6851995432,"On-campus",0,0.182119238112004
2164.02534430616,23.1585800841338,2,55.3911415051704,"Off-campus",0,6.68897146885415
2497.21980754663,37.469666513193,3,46.468529871908,"Apartment",0,2.20733883926403
2934.07019197729,25.5640671313966,5,69.4060311467248,"Off-campus",1,5.21086166179351
1762.497465595,26.0343018812876,2,76.8053254263916,"On-campus",0,0.327438460661766
1518.70469638545,38.7205198950662,4,91.9082032874029,"On-campus",0,0.20243786046612
3480.71580974246,28.6873296479136,4,65.4917157439758,"Off-campus",0,11.6539675617733
2730.68896326869,14.8795101231477,10,46.8782793420947,"On-campus",0,0.351900809628437
3544.7440659274,19.5051771848518,8,75.3671229448984,"Apartment",1,10.4392971846458
3715.27150854032,21.4347042392003,5,73.5713834054297,"Off-campus",1,7.7890927640481
2817.49769073256,34.7926543795157,9,56.4262695614576,"On-campus",1,0.4541955459993
3664.07974574528,27.8785106164589,10,36.6321764419153,"Off-campus",0,5.98546633146247
1666.25778736341,28.2061716047524,3,71.4196484309087,"On-campus",0,0.292193117413682
2304.24758587302,25.885461727561,6,76.9371659346244,"On-campus",1,0.200357833230677
1274.44258402822,20.5532709219674,5,55.573382539411,"On-campus",0,0.299096141282603
3184.64103987703,39.2953050944246,2,68.0436422753704,"Off-campus",0,13.853630322121
3404.4265734252,28.9828038258339,5,55.8616428787423,"Off-campus",0,8.49751306591723
3498.19237768199,9.26706274696289,6,70.2347286770627,"Off-campus",0,13.8149633753324
2108.99302888289,30.6108472125095,3,58.2406392792773,"On-campus",1,0.32884037860305
4268.68801294058,21.2176687381765,9,54.8298620411991,"Apartment",1,6.60389808136091
1736.09272464019,16.4574103521052,7,61.6743074729582,"On-campus",0,0.374299900805133
3439.08685233764,23.2562006827336,5,55.7489202752656,"Off-campus",1,6.16304628151412
3559.90052984463,16.7919644135421,9,51.1347425331857,"Off-campus",0,14.7390369250157
4746.32865299936,19.1688701656709,8,55.260946031364,"Apartment",1,8.58633606721403
2657.47591152005,19.9996858572059,4,59.877717715117,"Apartment",0,0.119428371718367
2446.75187765701,11.5064535140607,9,63.1124271107771,"Off-campus",0,6.11131967957588
2729.49626971792,31.7022963559562,8,82.9863543243876,"Off-campus",0,1.47051229285185
3415.22510506781,26.2269849426921,8,39.6300325356977,"Apartment",1,0.713421224378411
2403.89874673398,15.8949045039044,8,57.0057142417059,"On-campus",1,0.28456406998779
3744.12285901441,35.0305193685594,4,69.4728469167124,"Apartment",0,10.5914425467905
3328.60433221983,28.4117137718145,3,86.430313551643,"Off-campus",1,4.95429244533875
3455.94649531685,22.6394281360618,6,66.3902154392324,"Apartment",1,2.68463069550424
2333.35444923553,32.1610052883602,0,59.793698752869,"On-campus",1,0.188768123359396
2840.17477341256,32.0250679002643,3,55.3866463560546,"Apartment",1,1.79789891059807
4571.1541964723,31.5726486530999,8,66.2146224616243,"Apartment",0,10.8120071806003
2620.83681842822,30.5091220328007,2,74.8358688029458,"Off-campus",0,10.2980120204332
1972.03093660367,29.4313412283007,6,57.2421253418092,"On-campus",0,0.263671457406114
3121.86218602702,24.5047063153862,6,62.4564211026984,"Off-campus",0,5.50372455371718
3159.48525759266,22.5522986900807,5,63.2540451621658,"Off-campus",1,12.1888642203584
4044.38612932857,21.9562319919009,9,70.9391645131448,"Apartment",1,7.3277630586877
3211.99374776978,19.4423441686359,4,76.6707061053703,"Apartment",0,8.03806356985953
4111.62294118532,23.3366617758432,6,64.1874122540945,"Apartment",0,9.66896089591201
3230.74563206291,14.8768291874539,8,58.8574399267923,"Off-campus",0,10.5073367867231
2819.66495538807,42.3516477227081,0,80.9199469831286,"Apartment",0,12.8249725548344
3501.75400884635,34.6636959864399,5,62.4680117640838,"Off-campus",1,11.0902614744545
2529.29769828455,16.0151313343732,6,83.6677796819022,"On-campus",1,0.186989421707691
3921.46293148834,21.7769213176074,2,59.0711601357068,"Apartment",0,6.55029229873927
2931.18123943704,21.2667571710142,5,69.2088444629053,"On-campus",1,0.303451338828407
3678.18128659385,31.2397209466905,10,36.8086710863214,"On-campus",1,0.299389808574188
1924.22350416814,24.3330474682254,5,58.3141205799389,"Off-campus",0,0.716661124815712
2624.34184786696,27.026548111958,6,59.6730819005867,"On-campus",0,0.269632534274156
4399.67772400976,24.7716259572104,4,48.6248187387518,"Apartment",1,12.0582046052923
2295.41882024492,24.6570363416695,7,44.4616067336655,"On-campus",0,0.336094714339362
1304.27465403188,35.9488182721157,1,74.2223895382772,"On-campus",0,0.152675264952477
3213.0332202501,23.1938321147259,9,73.7123810089158,"Apartment",0,8.86370482491815
2992.58617912248,37.1317648354363,2,40.5190200773031,"Off-campus",0,7.36517010716861
3487.74752965748,12.6099775661582,6,66.3656819240151,"Off-campus",1,10.6874154936045
1887.08625127793,29.6769099970886,4,43.3118202006737,"On-campus",1,0.170136570975646
1846.27237858544,25.9908339507569,6,44.2339016072766,"On-campus",0,0.326502438676935
3377.29105825881,26.7275325499518,5,67.8811867239953,"Apartment",0,5.9797459120368
2078.82093794786,28.0371158620791,7,49.7096399986042,"On-campus",0,0.143639948238711
1795.98318073018,20.9814123751256,5,74.9021997318332,"On-campus",0,0.36442586560686
2729.42008979608,22.3343409306446,7,60.5778539861302,"On-campus",0,0.253337684262739
2342.44543574425,16.8513969351433,10,68.0422346367859,"On-campus",0,0.331840777484785
3632.18795685929,16.4256701881954,5,52.1455995317076,"Off-campus",0,16.9424110743186
3916.35668210348,27.4282291312341,3,42.7316799758461,"Apartment",1,3.67190485553343
2470.54757323646,28.5856782290354,3,73.7212836150413,"Off-campus",0,13.9528846728299
2987.00490023877,25.424033813844,6,63.5710723734407,"On-campus",1,0.361522864969301
2663.71362420768,32.3781397430379,3,56.4139836081794,"On-campus",1,0.214781913508887
4364.37124475497,41.4006774850172,5,61.038529898186,"Apartment",1,8.58724797089922
3210.10187338581,21.0717506715477,8,79.8886251389887,"Apartment",0,5.15679881918319
3699.01258610017,6.5266489948735,6,49.5275004806989,"Apartment",1,12.4225256031265
3628.97857510515,33.0459081956981,1,48.7588733330523,"Apartment",1,4.45701173985762
2519.54113896154,19.3263938993409,5,50.7057742093897,"On-campus",0,0.267769149786787
4872.79425302099,19.4959310682611,6,36.225130976852,"Off-campus",1,9.61055674125855
3951.83304972625,33.2045709575736,4,72.2944220625561,"Off-campus",1,12.3049527857407
3174.17625332298,22.7218159435919,7,62.8855447011637,"Off-campus",1,5.61381427404603
2849.71212243034,15.2342583019637,6,63.1075796132689,"Off-campus",1,5.6760494880919
2501.05102595398,26.4504278379932,3,59.3497896847847,"On-campus",1,0.329037160203912
4397.10899654114,23.8888691004876,4,52.3475933786384,"Apartment",0,9.22274062205735
3811.86138618398,25.0461134871991,8,47.6487207933566,"Apartment",0,13.495993416009
1636.29095433287,28.0822432090106,5,72.7778460493901,"On-campus",0,0.241540905986175
4370.97227418319,22.0347197456607,5,38.6072299061977,"Off-campus",1,8.57936015739059
3734.48651209581,30.1550123881507,1,66.6044841294812,"Off-campus",1,11.3704793756618
2794.01148686657,23.23610750545,6,48.1108252386347,"On-campus",1,0.292303843241033
2534.63672299904,27.6542557113256,2,64.234653218182,"Off-campus",1,12.3718875851164
1789.64764724068,33.7747121051948,2,48.8896421671477,"On-campus",0,0.12491557223988
4480.83034099516,28.4814519266704,5,52.1498747597395,"Apartment",1,9.35258948549149
3444.40949321305,22.3925473157502,5,86.5404887554052,"Off-campus",1,1.17261694554908
3426.76610725989,34.1904609476087,2,70.0242392840027,"Apartment",1,8.98579703282669
2674.2766203066,32.948030847697,5,27.8265446358651,"On-campus",1,0.226096251649718
1729.54255388596,29.3871756760646,0,61.8961862415048,"On-campus",0,0.129664906653206
3835.02811608231,26.9098538808915,7,53.2228059561416,"Apartment",1,0.970178199734161
2627.99356828069,19.976751391685,8,42.950607183335,"On-campus",1,0.320200942304861
3270.20368174204,35.8852195882401,2,63.1467883564679,"Apartment",0,4.89533236026286
4258.08833591255,20.197923302823,6,61.9494827402904,"Apartment",0,10.2190986119519
1931.10391809431,42.4986639441326,2,55.0724014114788,"On-campus",0,0.188862088163549
2489.983642208,37.2608850094815,3,89.5905535100618,"Off-campus",0,4.9256195925098
3335.20027054851,23.1143971271962,8,26.2696489977516,"On-campus",1,0.105931902173029
4446.64979011864,16.7886327975458,8,72.5732908091774,"Apartment",1,14.6766816386883
4417.59382402259,19.3167474904056,9,55.6646509430614,"Apartment",1,12.373921536841
2866.38755106797,27.0550696732522,6,69.8477011586907,"On-campus",1,0.15795151219274
2124.38621275867,23.026464972301,3,53.1900344904198,"On-campus",0,0.129780235318082
2308.99509082673,22.2196592048181,1,51.0920315633235,"Off-campus",0,3.08584971704119
4240.01512419913,17.3870514618799,8,34.3443050040806,"Off-campus",1,7.71219591207277
2476.79274266411,24.6397782015286,4,56.8582735759089,"On-campus",0,0.442161155776854
2588.43239760433,18.7207642443434,4,97.1811870203563,"Off-campus",1,7.1444516784399
2087.62914262625,11.6564645072949,6,74.8455331219405,"Off-campus",1,7.39842878552874
3624.4966926577,21.9581878376979,3,85.1335823374024,"Apartment",0,8.50152970492221
2411.80416121858,32.3519728724861,3,73.7244797747106,"Off-campus",0,9.71143208842609
3405.55068777286,20.3972242991329,4,77.1639406194278,"Apartment",1,9.64540271629303
2586.45952708187,29.8637145778003,5,73.5431462174866,"On-campus",0,0.245814196967605
3810.7480389737,12.0569383336867,14,67.1308864764765,"Apartment",1,7.29740706376042
3370.37443889368,24.5555042758037,3,51.2620683900449,"Apartment",1,9.1473540928199
3467.43329235664,29.1552576315477,7,52.0059789401479,"Off-campus",1,10.3629600465574
2179.20012954209,27.4092268973337,4,35.9874000543707,"On-campus",1,0.335089030229381
3727.93939667526,25.8454095531915,4,59.9127342918001,"Apartment",0,5.18939343826331
3449.800218004,19.874351933557,4,73.4903351378507,"Apartment",0,2.52964879361608
3640.60879266961,18.2023652317313,8,75.4788383478911,"Apartment",0,5.08477100432067
2995.33479575337,16.8069696751607,4,61.4269905668313,"Off-campus",1,7.51390029742831
2852.64418663224,25.941172776801,2,51.7855857416713,"Off-campus",1,5.45917580450723
2209.1315118277,17.4202030865216,4,100,"Off-campus",0,10.3788107524823
2465.16353526662,21.0755404503947,9,71.0502829687564,"On-campus",1,0.394495717206043
2301.53824988382,22.951262462414,5,81.308629573187,"On-campus",1,0.101723869424334
3342.90075530877,39.7508960418577,0,54.9347903899901,"Off-campus",1,9.26932737919332
4054.03472370981,19.7844007864363,13,59.4306355941811,"Off-campus",1,10.1668186328718
3501.27725719811,26.8830925782789,5,66.7291064656009,"Apartment",0,6.95469204034195
1788.78991385692,25.6236867965097,3,85.1478346792244,"Off-campus",1,7.89401695213454
3631.27404752687,17.305146926959,6,55.3278818181581,"Apartment",0,6.27104677218507
1791.26446335748,24.4295353110112,4,72.804235001746,"On-campus",1,0.205503912452412
3157.65678449121,36.5564068673868,3,28.5777804851966,"On-campus",1,0.207076259610689
4202.11556307445,28.6120324246337,2,52.3911834887755,"Apartment",1,9.7008303985596
3092.47043473901,25.3298633759435,6,40.6198638485503,"Apartment",1,3.10073363065805
2921.94749025934,21.620025341283,4,76.7004407603565,"Off-campus",0,5.63814137869153
3436.5569957759,8.57402222767588,5,57.5332036757961,"Apartment",1,4.34544772344604
1977.06760100924,34.0506977073134,0,54.1443887698989,"On-campus",1,0.415182870430573
2582.73901824224,13.3148794326014,6,80.5364976929786,"On-campus",1,0.361425467962836
2465.80078871626,30.9195800870187,8,76.7440928736004,"On-campus",0,0.207513482481142
2128.81070062455,40.2728285537399,6,46.5296819479875,"On-campus",0,0.281847988553962
3494.51881843402,13.4488547122256,7,66.4179973141447,"Off-campus",1,6.9862644128695
2503.20468849607,30.6142746829977,2,41.5733314723162,"Off-campus",0,1.66040956768328
4152.86560845515,22.9024200847803,5,52.8657746368323,"Apartment",0,8.4441534700853
1428.48237751842,12.4228467268361,8,84.2486645572043,"On-campus",0,0.167570667232819
2721.70252945863,12.882658769746,8,81.7519192699566,"On-campus",1,0.143937578105286
3035.22445321673,12.1877106114033,8,76.6352813320026,"On-campus",1,0.322550546136591
2551.79554059474,20.7527478226376,5,51.4364417050451,"Off-campus",0,16.9279884404418
3107.50643116369,13.3059553200328,5,31.7785279458667,"On-campus",1,0.235595124949039
2657.47501487625,30.5033341838066,6,42.3645272396376,"On-campus",1,0.152628442311857
3231.86286277483,41.8008715242054,1,74.2883478694128,"Apartment",1,7.20597017769193
2787.01360432068,14.7037561917186,9,55.6414817075237,"On-campus",1,0.299234655315049
2609.74039257942,31.3019107798014,2,27.5608778164803,"On-campus",0,0.300254525466691
2250.13035496686,31.1523379280073,2,57.2971876842531,"On-campus",0,0.142474202277061
3261.11062301004,27.6576206316009,6,81.1535883168686,"Off-campus",1,6.27009573191183
3160.73849422117,16.9329871337839,6,69.652029607793,"Off-campus",1,6.62206117466579
2453.54045202557,24.0443791469547,8,47.6811218470587,"On-campus",0,0.287291042641075
3664.12280850635,22.756837318638,5,36.8112502190246,"Apartment",0,4.99320450561211
2437.44729602593,29.5039162657638,4,47.6017916154482,"On-campus",1,0.257734290332108
3815.04097032901,22.0204899511694,7,60.5179150698228,"Apartment",0,8.37528862263795
1617.5431269144,32.815787093485,2,73.3211055136809,"On-campus",1,0.287642358872264
4010.57186842676,22.0033531378639,4,30.9008976781462,"Off-campus",1,10.3649949397937
1819.65094629442,33.4216917246347,5,75.3480263291118,"On-campus",1,0.315382317091473
2032.48715030158,16.6065839466715,7,60.0818658988203,"On-campus",1,0.216423145762247
2807.97620775813,14.9187580419351,9,68.5466845440874,"On-campus",1,0.362934492850217
2301.33840877206,50.9283194795392,1,35.2011665514769,"On-campus",0,0.246231718822938
3742.06215347484,21.6651392947165,2,50.0001842981673,"Apartment",0,7.20463898975173
2130.67033863851,27.3858207323257,1,53.2764871610171,"On-campus",0,0.24002796306166
3146.36986759656,30.0925573922708,5,75.6583702246354,"Apartment",0,3.26475826230561
4000.15070901245,21.12975499433,7,75.4226107109312,"Apartment",1,6.67440539927324
1351.84150103826,29.1348963545089,2,66.5263568887251,"On-campus",0,0.256021043261511
2628.15898767242,27.9517162190807,8,84.0631827243583,"Off-campus",1,4.34797787726595
1865.57343599327,23.2769559388665,6,52.2688320038195,"On-campus",0,0.250483176592536
2949.50366602115,25.5223442682025,7,75.1880579066089,"Off-campus",1,0.678215516455052
2605.02159002713,24.7274619700923,4,59.4608995531392,"On-campus",1,0.152389429635025
2262.1083504327,42.0276151921294,1,49.9898685573539,"On-campus",0,0.147437294876503
3774.50620428949,19.0693112298174,6,73.8507005749626,"Apartment",0,3.3943364092811
2698.57828644286,16.2320298634027,6,80.7165049627425,"Off-campus",0,3.22827191981322
1684.76173931639,25.3023071933686,3,73.1737562427727,"On-campus",0,0.166847110045616
2087.89353239996,27.4838459955451,3,52.358948168666,"On-campus",1,0.206093722604703
2149.24256068187,28.4921878312815,0,52.9531854876735,"On-campus",1,0.268417346140025
1602.5658000136,21.3330773383112,3,80.66513770209,"On-campus",0,0.339037962557919
3167.23437043431,16.4933909282305,7,65.2923960962662,"Off-campus",0,11.203572952299
2511.93281525917,35.1054814087159,3,72.4436096898168,"Off-campus",0,10.6858141062147
3601.64960742255,22.2027968963716,5,54.9194702450354,"Apartment",0,16.1116964682638
2480.9793764096,18.075897098773,4,78.9155240469698,"Off-campus",1,6.79630278452214
3009.71198254748,23.1097634484712,6,47.8686728255671,"On-campus",0,0.342003334946981
2584.55584329713,23.4225928452116,7,69.3802728129995,"On-campus",1,0.0318041865901055
2055.57656653044,33.8793623177091,1,47.7423755164783,"On-campus",1,0.19723079226451
2353.37514513499,25.6778983375776,5,23.0613747512135,"On-campus",1,0.105885997790613
2913.05944102771,31.0324302814762,6,39.8556373398049,"On-campus",1,0.0543215215810224
2276.42007346609,21.0056638626219,1,62.0444279881524,"Off-campus",0,5.70001702995848
1813.89250158059,26.7155624766528,4,73.2438412443874,"On-campus",0,0.403823566132278
4234.99482609061,22.4025127080733,11,33.7304687535778,"Apartment",0,4.02817693604226
3227.43544817152,25.7566682253886,10,41.2286329662071,"On-campus",0,0.193722379164724
2811.5882447727,17.8370931361797,6,86.4681899486323,"Off-campus",0,10.3645620897428
3395.21812705665,14.5135877333762,4,53.491509752651,"Apartment",0,7.08555504850637
3292.381119965,40.9777070779837,5,67.585501978959,"On-campus",1,0.321011023178385
3573.52637991596,29.8056705893793,3,52.0959701793402,"Off-campus",0,11.8055716597149
3632.02465538408,14.9898291070004,10,55.5212567227274,"Off-campus",0,7.95692769194483
3095.73283309379,20.1106726665566,5,61.3086630990786,"Apartment",0,5.75462611129198
4372.57960182537,15.5161593232215,6,60.1644276419851,"Apartment",1,7.75755967421396
2744.39143858883,42.5904827910698,2,57.111596834369,"Apartment",0,4.63069461580801
2033.44871158883,35.4993038114681,0,52.9530527228439,"On-campus",1,0.229417358221705
4770.09668232986,22.8788395464292,6,14.2820866530191,"Apartment",1,4.4082968634066
3023.15830782374,29.3455524738567,3,88.0298325050055,"Apartment",0,13.5757017811067
2569.26068487468,21.6852804166491,6,86.8563631236456,"Off-campus",1,1.94609561752385
4725.31590045327,21.1900248430754,9,43.4837738742115,"Apartment",1,9.60517654324271
3514.6983782321,18.6911772971981,5,57.4783871683505,"Apartment",0,6.04789110815636
3508.53483512643,20.2430618603239,7,80.6291295706874,"Off-campus",1,15.9485952325992
3182.94970443775,38.2072597386935,2,74.974350345783,"Apartment",1,7.06214627725076
2347.13338995761,24.5677749993165,6,79.1490242811866,"On-campus",1,0.188825777096969
2962.95151792687,25.9539618914207,6,43.9237962276031,"On-campus",1,0.183260649678551
2914.30338604082,26.9494994367927,4,98.6590214429695,"Off-campus",0,8.99068963734711
3825.81935331018,34.8598070278827,3,42.9981006034451,"Apartment",1,10.0724793414026
4077.38683971894,20.8714893524418,3,71.3087451282493,"Apartment",0,15.9896549355364
1810.58213791043,17.0599427968637,8,62.1191397066853,"On-campus",0,0.22791666902006
3410.49059881882,38.4055754592255,5,53.9443452305695,"Apartment",0,8.78569659551032
3123.73175285159,21.4706942647577,2,54.3087630272847,"Apartment",0,15.1610648759497
2280.22473491575,19.215472240481,3,45.129047812035,"On-campus",0,0.283367103166387
3448.42263311336,15.1098150489337,5,84.3398969363521,"Apartment",0,10.6013343964066
1757.43200071708,14.7222742214576,4,61.3426984164413,"On-campus",1,0.185207403527969
3913.45128765909,20.4082121656161,6,63.8882692382157,"Apartment",1,8.64442650407987
2762.3281277062,29.9438865373322,0,63.1444924959155,"Apartment",0,10.9019627658306
2222.37080216165,33.8787851114378,0,54.372438704087,"On-campus",1,0.130829111476597
1378.36080619822,30.6607068306847,1,42.9896813286743,"On-campus",0,0.290217101248522
2717.20078407065,22.090741623238,5,63.8058946452594,"On-campus",1,0.126230715943052
4350.83709528603,25.4779994990768,7,28.5954082506161,"Apartment",1,5.44106784987084
3731.09435671796,19.3632282905594,4,38.7214958574658,"Apartment",0,16.1386128757194
4016.50314638564,19.2622547074079,9,43.8540495759243,"Apartment",0,5.76440960244465
2997.35725590307,32.0772039918154,4,43.8198170599147,"Off-campus",0,6.57688235731191
2555.21233454208,16.8752593711716,8,61.6078322485062,"On-campus",1,0.16478217076357
1203.05371527049,40.6423517239397,2,83.9773132248712,"On-campus",1,0.420213970919678
4664.76659871313,24.2774432482732,10,37.2701378390255,"Apartment",1,12.6725057087569
1975.68422223513,26.7163106130337,2,66.5051403089492,"On-campus",1,0.317521307702745
2420.82499409091,19.0917783620834,4,73.4931712998156,"Off-campus",1,7.94863336277824
3813.8068143847,20.4048904818938,5,45.1570169656669,"Apartment",0,6.99625248629432
4081.76756262638,14.4638709415581,4,59.2080089771628,"Apartment",1,4.12354543837335
2571.57662693333,23.5365968930182,5,72.3541635393309,"On-campus",1,0.410352059838129
1983.17842319357,28.3518592393957,3,56.1673634617892,"On-campus",1,0.335003977821244
3585.99139102012,27.594434753291,6,56.6897347912318,"Apartment",0,11.4297892997882
2574.65781357275,18.747708103562,9,64.6159018681593,"On-campus",1,0.22851070567401
3857.99513149906,18.691024233168,6,59.0998012000009,"Apartment",0,7.6688751822228
3264.62755702806,20.9824102532571,8,51.6652066509117,"Off-campus",0,4.68862122878079
2101.4508439231,36.9684853587708,8,57.9207747080866,"On-campus",0,0.226331606050447
1506.08317726192,15.901571034674,6,88.2425968857971,"On-campus",1,0.372288074959827
2740.68535638169,23.5675872449584,4,73.1050301940904,"Off-campus",0,3.79948713713291
1937.40862666764,40.2188945734314,2,46.2810439075857,"On-campus",1,0.179815417158966
4254.55583440157,24.1922009173695,8,41.3262356650302,"Off-campus",1,11.0290467896908
2530.42935273681,14.1212743694288,8,54.6002663897609,"On-campus",0,0.12167415962468
3556.71759594236,19.6818445178075,11,79.9316205142198,"Off-campus",1,0.946033063211974
3836.12530201274,28.883679831239,5,64.3901867762543,"Off-campus",1,10.7085164681088
3414.47895363236,21.9951770266418,9,49.4774214473901,"Off-campus",1,10.0792570823122
2838.96560541629,20.5049890916017,7,73.2335185172703,"On-campus",1,0.160838621318932
2944.24500697056,22.2486621269723,7,57.9994441691566,"On-campus",1,0.337239516251344
3779.00848579455,25.7239731771138,6,43.1898225106287,"Off-campus",1,12.4822761228248
2337.9988032243,37.7880701691666,5,66.9178868131768,"On-campus",1,0.237573149618776
3365.78611662508,24.2914791028889,3,82.8621421526822,"Off-campus",1,15.7813483106353
3897.76389293092,33.6463959692121,2,66.5170244719924,"Apartment",1,11.9534507979992
3346.10569475029,30.0460329252045,5,62.8800055670839,"Apartment",1,12.8975415251431
3492.26485420618,24.0908808359509,3,50.1563530737441,"Off-campus",0,6.73952954066945
1622.54265387137,12.7367839768752,7,68.5259779630429,"On-campus",0,0.0170746537142469
1838.51762137327,20.8310614595798,8,43.9414419766442,"On-campus",0,0.185476745418247
4956.20913823929,21.0810363748922,8,35.2027646327866,"Apartment",1,9.62947634192142
1537.453903225,25.3772354620922,5,59.3497084725937,"On-campus",0,0.139183932661947
3371.78458540138,35.4015894213346,1,59.4810974130144,"Apartment",1,8.36513421576666
779.428373114128,43.3446317906487,2,95.4758329800422,"On-campus",0,0.136655884573581
2646.83116998228,37.3806484718702,6,41.7547903816215,"Off-campus",0,7.07212201947606
3705.65762766455,23.9347922853684,7,62.5635948502357,"Off-campus",1,15.9404471310584
4202.82377314907,10.9477808355389,10,72.0757964043329,"Apartment",1,4.2833625715791
2026.44840388809,21.8897610874261,5,75.7588926617383,"On-campus",0,0.291645613593357
3190.45062954277,25.7136577845864,9,59.8391327301101,"Off-campus",1,2.38626978475016
3644.54410351061,31.7601040325395,4,48.8511578785612,"Apartment",1,3.03708372969627
3150.67053613258,32.7002237478742,4,59.0132392219502,"Off-campus",1,6.85293919425926
3306.36212146748,30.4744754353317,5,89.0963398790574,"Apartment",1,6.43485079285169
3403.42589743825,13.8378052016043,5,67.2410851226375,"Apartment",1,5.53239374306971
2646.67826873721,31.7971443650668,4,29.3328439116289,"On-campus",0,0.20987644004872
1687.57261631387,21.4275422685822,8,81.3518869297537,"On-campus",0,0.390087647763291
3782.59638982931,26.39842160129,5,68.1075399137262,"Apartment",0,12.5360821724817
2112.57444278377,25.5964094173899,6,59.4964234224371,"On-campus",0,0.303749329892122
2311.05408584711,28.425334119764,5,59.7320456833485,"On-campus",1,0.256977475777461
2750.96422110368,25.1973998626091,5,57.753154203099,"On-campus",1,0.194849936680622
2983.77511701136,11.6601992193147,8,63.8483922143287,"Off-campus",1,0.0173905962845282
2308.01866259287,30.8919677181875,4,52.4419960044448,"Off-campus",0,1.1579347111277
1501.88432825964,28.0882125467974,4,64.1551687749001,"On-campus",0,0.346779678824769
2804.75989768144,22.8747869977742,0,46.0296596276889,"Off-campus",0,4.09433815506249
1056.45589192382,25.9451560883734,1,63.0022031291213,"On-campus",1,0.177174674157636
3408.11639084927,26.0723091629477,4,76.6025613099967,"Apartment",0,15.9569746152297
2399.87212108639,26.768155748488,5,67.638091704807,"On-campus",1,0.30185571703497
3168.43078898815,38.1267693278199,1,75.5062451467667,"Apartment",1,18.2576372024518
3526.77743217188,23.2475969685322,1,43.6369685729607,"Apartment",0,11.1059836061654
3549.86244517058,26.3445230710773,3,60.8218917670889,"Apartment",0,7.35500582064295
1282.32826419073,34.3470709845527,5,69.2587545408309,"On-campus",0,0.332678924852163
2131.60794464726,33.4334481870154,6,43.9799269840007,"On-campus",0,0.255179695256083
2698.96671138219,34.1621048830429,4,83.4872150558769,"On-campus",1,0.244157094875479
2804.31534797768,20.3802559915235,9,44.4778798352211,"On-campus",1,0.259061162071226
3250.85948092482,41.0198618423426,2,62.4677806275876,"Apartment",1,10.6658822493565
1857.73347927975,25.5336069674415,6,62.2774849553262,"On-campus",0,0.188991426845607
2048.05442083178,39.9348147576549,3,61.8250545295028,"On-campus",1,0.184463676972686
3625.17899574762,14.1927785117543,5,56.843631245348,"Apartment",1,1.78545462829636
3507.74571917269,25.1678686908339,5,66.7490518071931,"Apartment",1,9.30561068711832
3804.7767724988,34.9993165677537,5,44.5325326215381,"Apartment",0,7.14155211174201
4029.37444233276,19.2780625022176,5,40.6595371766517,"Apartment",0,6.78416677140267
3737.56368239624,18.9784882542581,5,50.1814704283013,"Off-campus",0,16.7366929135691
3504.25815089877,17.4916903711448,5,59.1401384422833,"Off-campus",0,11.4787651328742
2767.77745937207,16.5798937652901,9,78.8512173053557,"Off-campus",0,7.08637518525071
2934.53970113477,21.5027237345568,7,83.8118120979681,"Apartment",0,0.386214321906724
3264.15324676689,27.6494333836719,6,64.7922219381712,"Off-campus",0,6.85343411710498
3243.08913822463,8.88631601663424,6,65.7238743403972,"Off-campus",0,11.9615556804007
2483.01954847763,26.6958434669783,7,56.3453267454083,"On-campus",0,0.328511853104356
3498.84720195054,34.8934003713326,1,60.7207962607955,"Apartment",1,9.08842947206207
2243.95072598104,41.3005921459235,2,38.9318120834731,"On-campus",0,0.269211496387668
3626.50315014436,35.4094079376047,4,64.3490059334365,"Apartment",1,7.3239600511407
2242.63694979874,31.0541981103677,1,51.9666962655938,"Off-campus",0,6.61679189913296
2520.99411435605,11.1861568070854,9,65.0201815965082,"On-campus",0,0.310218981352026
2029.09453149775,20.1879463359457,5,54.8102799126825,"On-campus",0,0.264149455835015
2864.36777674101,22.1836283473391,5,50.0757639774533,"On-campus",0,0.380181266697034
3420.15241164518,30.6281912220552,6,56.7133293479693,"Off-campus",1,11.0412045697562
2179.39225561905,24.1546293279698,4,54.4964263404944,"On-campus",0,0.23646925939506
2525.13318029611,14.9308109755186,5,76.4186731176355,"Apartment",1,2.91573991447191
2953.32888449721,38.4754856647529,4,63.1381212365569,"Off-campus",1,8.50953443322577
1521.08879352809,32.2911303343677,3,66.4873713922982,"On-campus",0,0.349785872625827
2610.73591746657,26.8994421799282,2,41.3871962129884,"On-campus",0,0.239260025092586
1243.09781389007,34.7448688826065,0,82.4523256444203,"On-campus",0,0.111444200956853
3404.28919968533,14.2898057021202,11,62.3905566174114,"Off-campus",0,3.35750466763558
4917.93281781185,30.2865623823184,12,47.1557789489512,"Apartment",1,9.49728349688385
2256.53205662117,20.8167009894926,6,64.6356996817023,"On-campus",1,0.353908851261442
2380.12288641764,30.4699641748057,5,73.0565104476732,"On-campus",1,0.504290445686211
3547.62181759282,24.5134243627194,7,39.2448429254766,"On-campus",1,0.182628418086359
2897.40289224463,30.0636857042516,1,85.3516045504584,"Apartment",0,6.01632381629068
3596.3461491776,35.6841409204751,1,57.6295394223246,"Apartment",0,10.7869015262155
1365.03056187087,25.0583207225352,0,76.8175617097297,"On-campus",1,0.520895941900681
1989.35567069295,33.1404690956167,3,61.0839197863337,"On-campus",0,0.0170996536324262
3276.46636537655,15.4925277188162,8,55.0136573314991,"Off-campus",0,3.37680245888175
3853.60824191655,19.2271644765119,6,32.476199300597,"Apartment",0,9.67129437971242
3992.65301909739,37.1537416911054,4,43.4974167211921,"Apartment",0,13.2198461777959
3137.85241133744,28.0191037841914,4,59.3798955012385,"On-campus",1,0.222410078241399
1541.35305797048,8.58221743653016,5,72.4177881767571,"On-campus",0,0.177019119397507
4765.38145972269,14.087700383341,7,31.7748201876814,"Apartment",1,10.1347400334289
1398.17637638675,23.393751875287,2,80.6316166848636,"On-campus",1,0.275706533706498
3262.49621409943,31.9262352346759,3,80.9848569645446,"Apartment",0,10.0908825124149
2281.31926436895,24.1849339542782,5,42.8502561613359,"On-campus",1,0.332361662621835
3410.25968083679,29.9934997761652,3,67.0845084328967,"Apartment",0,7.00786693759397
3594.28480585544,32.6720430223026,9,44.4954117996868,"Off-campus",1,10.7283979869589
1788.59469181443,38.3684386309035,1,58.1220003196757,"On-campus",0,0.277303841916295
2262.63602643001,25.4481338661997,3,73.9299410827002,"On-campus",0,0.192210105891496
1654.48953748394,24.5841447505528,3,73.0250947154816,"On-campus",0,0.285428968907761
4135.1714317696,10.9741011268618,6,47.2623809454978,"Apartment",1,9.51384165013315
2489.06955910886,25.7946207527026,2,54.2004531828665,"On-campus",0,0.292112227665107
5172.82665629718,20.4251995368355,8,45.3575464350425,"Apartment",1,8.36492064042782
3443.33495027232,17.2079233375673,6,65.0931548985737,"On-campus",1,0.185646106613742
2722.95592893123,23.5607501516197,6,36.6138725334934,"On-campus",1,0.121067931083584
2216.86760796039,33.1195453819493,4,20.5601183767296,"On-campus",0,0.284089489859831
3960.20568533492,9.05801209049134,5,82.0471842280929,"Apartment",1,12.4278739939764
3594.15600458419,21.5817657023566,5,94.1020936949209,"Apartment",1,10.1973493320582
3611.79927283012,25.9330982686617,5,53.1744968964176,"Off-campus",0,7.38800668522133
3788.79754226764,17.8543394395604,11,71.4165373064234,"Apartment",0,3.64211830701895
2515.85620006405,27.6712235399938,8,59.8874582443542,"On-campus",0,0.443382128195771
2928.08330474193,28.2914393649258,3,82.1147069957399,"Off-campus",0,4.52018033079682
2080.08319309464,24.7357107257921,2,68.3121589885407,"On-campus",1,0.304671184139507
4227.28355854844,5.27281444991978,8,63.0549594767423,"Apartment",1,5.89882170943845
3404.8472216383,45.5716651669331,3,33.0129532235119,"Off-campus",0,7.21325673649219
3057.12382594933,23.3576059402544,10,76.2443352119663,"Off-campus",0,3.90440032690302
2209.11508223647,30.2095462527014,4,54.7371957742972,"On-campus",1,0.277758757806665
2616.16119050816,27.1901319282924,5,38.9476487292746,"On-campus",1,0.16409853855908
2741.91203893537,33.1973858785468,4,56.9730500263,"Apartment",0,8.85442381401047
2583.52746829146,31.5412755709927,1,58.0983276031155,"On-campus",1,0.241582003352313
2949.52024300727,23.3216546301719,8,75.8881030899923,"Off-campus",1,12.0512893282041
3026.18336784656,28.0253421776681,5,42.4890595160401,"Off-campus",1,1.43548223466773
3991.32584891784,17.4367293510089,9,51.6353455902233,"Apartment",0,9.93103443424166
3893.20585630025,31.8553840871945,4,82.3217989257474,"Apartment",0,14.2793222684825
2957.18262536521,21.3116932889252,8,80.3799865315505,"Off-campus",0,6.36860896700552
2085.09598622043,44.3341868303057,0,77.4482181585354,"On-campus",1,0.495899120349098
1928.88941940188,11.7916088344945,5,84.9228591802182,"On-campus",1,0.172668761353699
3257.30172784539,21.2881020562719,7,63.0604646974484,"On-campus",1,0.267464337496007
3220.44668821501,31.6030389020739,2,51.2717446969534,"Off-campus",0,11.2624138484896
2840.27493712428,29.0810603750293,4,68.3280609279513,"Off-campus",0,4.34394207442574
3422.11968241883,20.28415169188,9,75.8808468873889,"Off-campus",0,5.78071680900345
996.09153218267,17.0257540623398,5,96.2044990720657,"On-campus",0,0.300523305857902
2678.62008664608,26.1558056376856,6,30.5252650093322,"On-campus",0,0.291057222175255
3610.54904328454,24.8855406946647,4,64.0985355460023,"Apartment",0,11.2274367272492
3207.20690900081,10.6777501018875,9,69.8219187430447,"Off-campus",0,13.010992787586
3796.3998623355,25.2764085370708,6,59.1810201695943,"Apartment",0,11.0794109671261
2499.84657226872,26.5218425255397,5,36.6326662727233,"On-campus",1,0.227017123467596
2363.06726820325,26.3978111758547,5,71.1225133812937,"On-campus",1,0.31216371749907
2294.61009356176,16.5598636591785,9,48.3137138810412,"On-campus",1,0.33374454813897
2239.73962421319,28.809066226421,6,67.5879224824577,"On-campus",0,0.219711195084609
2860.79250090804,36.0285610956739,1,73.6132755902678,"Apartment",0,11.6694494215566
3470.72661160729,28.6498912254385,3,79.2593551571189,"Apartment",0,9.10462177547736
3208.22811942924,15.9152922370053,6,36.6320430392165,"Apartment",0,8.62075344083554
3671.10529504495,21.5148362424648,6,76.2261277226868,"Apartment",1,7.51954101840887
3689.1294782557,27.7688289564289,2,48.6452796458097,"Apartment",1,9.58807401942792
3650.3374241052,19.8236349494538,4,40.6647078922656,"Off-campus",1,3.28549924576742
2195.70263116146,7.73882931987778,7,79.7148099887915,"Off-campus",0,6.31380790397153
3377.98831375819,32.0740065602257,5,77.1938995989746,"Apartment",0,14.4663041441713
4580.91458994492,18.3641791070039,11,56.3612509844249,"Apartment",0,10.4644913731908
2508.16561771267,20.4115178338537,8,71.3931105935752,"On-campus",0,0.270026194860911
2387.77348537049,37.0312048720363,1,47.0951138786541,"On-campus",1,0.292706912773909
3976.35101803956,18.8068405631568,7,57.7345263142193,"Apartment",1,4.16267898564283
2601.46826561932,31.7658523215144,6,58.5941514935869,"Off-campus",0,10.3206274262532
3805.13772102079,14.9145369694498,8,55.7888991824399,"Off-campus",0,9.73263585833045
3329.58540981534,22.1636607754082,5,71.0114810474586,"Apartment",0,5.72567078743552
1878.89315406178,24.4115518469082,2,83.0599130324392,"Off-campus",1,6.52526263640426
3544.46435957414,15.6507886046052,5,53.1634340583165,"Off-campus",1,11.9129122781024
3126.79752154427,19.9220138807287,8,59.5101232146641,"On-campus",1,0.360405027494058
2452.03825836199,24.7692675765735,6,84.5513602374825,"On-campus",1,0.280487211130546
1963.73392150757,30.3655677498714,5,55.0643704421019,"On-campus",0,0.236957811005147
4924.27539722136,11.7956276525991,10,20.9394274408934,"Apartment",0,7.27068947796443
2900.76500296151,22.2019660863099,8,67.709756796719,"Off-campus",0,5.0598943823888
4200.7018851585,31.0512515083639,6,46.7029798333311,"Apartment",1,6.34823489937436
3500.57366148839,20.6895267201793,3,45.0219239099411,"Off-campus",1,3.67599825920526
2857.22751102559,26.8183353733835,4,81.3122522037728,"Off-campus",0,9.87725046403069
1534.98373688787,28.9378285605155,7,96.7199701052285,"On-campus",0,0.358529588092986
3004.38975769436,27.1426801226535,5,44.4032618789469,"On-campus",1,0.306061180601734
3551.76327511284,30.2260614357711,2,75.4653777250014,"Off-campus",1,11.2509169047754
1788.00528065615,24.018330712181,5,58.5877824244555,"On-campus",0,0.28964519655711
2219.29002077271,21.690587891263,7,62.1271118883067,"On-campus",0,0.0476768896088638
3704.23769952335,5,11,78.333550521846,"Off-campus",0,7.45555137362556
2350.05798597907,24.2564718521642,8,63.205117776616,"On-campus",1,0.29350072055261
1644.38460280916,28.4422775708799,2,47.2295196920886,"On-campus",1,0.242708836097604
3133.09302521598,29.2831907269452,6,52.9438668788571,"Off-campus",0,9.91694903587605
4329.45454283834,20.557773189494,9,70.2920288294831,"Apartment",0,10.7336258221552
3683.21592800423,39.2360232782012,1,24.9607900221015,"Apartment",1,13.2626161630988
2487.00998984532,27.2913953570306,6,76.4286657277271,"Off-campus",0,2.10940225289
4386.9216221685,26.0105268676711,5,36.4927485175164,"Apartment",0,10.4706058360824
3192.42944137686,35.1781342357482,5,60.3289659422757,"Off-campus",0,10.8682962913304
2505.66928613524,19.2522702294459,6,57.1446153361206,"On-campus",0,0.336372484271866
4300.54058722246,21.3972910086023,10,79.3960422903652,"Off-campus",1,10.4098373309945
2679.09051358638,44.1796198403981,1,62.8327397258494,"Off-campus",0,2.3418701010332
2552.85436576737,25.0890334977671,7,61.5290870235782,"On-campus",0,0.284507540684539
3203.20019192995,38.0685473712665,5,70.472037132879,"Off-campus",1,4.51635276556685
2343.95319258215,13.4919468406838,7,47.5947816571435,"On-campus",1,0.154992241065164
3019.59980120983,23.4758655836568,7,57.0615171590044,"On-campus",1,0.327358712705744
1883.89455484358,28.0273912290947,0,77.6637662071165,"On-campus",1,0.0796201594485696
3067.00091329729,27.4003083616464,5,70.2521043146978,"Off-campus",1,2.63867751894358
2938.11788113514,16.9549099239133,7,40.8675493987121,"On-campus",1,0.225921493638563
1284.18437078341,25.154074197003,0,69.5693455111632,"On-campus",1,0.219792649886279
3882.77418948234,16.3806347751041,7,39.3361556309442,"Off-campus",1,7.89996776761417
3710.53068666864,30.7016266019543,1,51.0253379442049,"Apartment",1,0.864533822853994
1523.92864872645,33.6782007188852,4,78.1638057578551,"On-campus",0,0.147854366291624
2888.00142636414,7.2000984281007,7,26.2343223683122,"Off-campus",0,5.89311724902847
4045.15278650073,34.8855476984011,3,33.3147871367876,"Off-campus",0,9.49555795559546
3258.30797785375,15.0716440255321,8,79.5205900923964,"Apartment",0,7.23512719857352
2980.27926352609,28.6381541518611,7,47.7781082392102,"On-campus",0,0.243401854028639
2666.70579733544,30.2792211051409,1,78.6556052786837,"Off-campus",0,9.33278534442864
3943.36543090576,23.4008813751885,6,57.4762469886584,"Off-campus",0,10.3802762852446
3817.61718438069,19.8390883451217,6,66.4166351754439,"Apartment",1,8.21727714972292
1838.77470904721,26.3225681699364,2,72.1991833444386,"On-campus",1,0.31235404626101
2482.81090500656,28.5105496057156,0,50.2318219595993,"On-campus",0,0.29748986268307
3078.56948276059,32.0664225595896,2,55.4311361528009,"On-campus",1,0.307163462664524
2748.56440177474,8.58130412878438,9,53.7735424553155,"On-campus",0,0.383573646703799
3263.91740609571,11.9089658555278,6,100,"Apartment",1,5.68139244061622
4413.3184839951,36.4432187295055,6,61.8922060364637,"Apartment",1,12.1663711299226
1580.32643007716,33.3730307768924,3,67.0920063466663,"On-campus",0,0.446963413281427
3840.41344667817,28.4823115912615,6,54.8886968858858,"Off-campus",1,10.7226225484043
3233.38085298311,30.7214272568885,7,56.3731403601809,"Off-campus",1,8.88202663970442
1512.59036210295,32.337399341128,3,80.6813200328597,"On-campus",0,0.189292180392768
3797.07406039588,5,8,54.9167449569391,"Off-campus",1,3.957436424346
3751.72418317009,33.8822167731106,5,60.3020445414114,"Apartment",1,12.551079971766
4519.52662864533,21.1200992275014,9,65.654432462116,"Apartment",0,14.8575753379398
2742.53641427526,26.8449346450496,5,53.5241438244319,"On-campus",1,0.353640262444953
2472.67097432259,22.6387375929314,7,89.3859623426555,"On-campus",0,0.346493153261291
3434.90288231159,31.97571963263,3,38.5731058166824,"On-campus",1,0.305171083746008
3778.23739857695,22.2122204083551,9,90.1693946976844,"Apartment",1,12.7743280332415
2378.22103718298,29.148030127106,5,54.7261216668123,"On-campus",0,0.27418598033419
2662.76191559834,21.8745201708882,7,80.3567947027423,"On-campus",0,0.455476070604651
3803.9013776607,16.257702327188,8,30.0123388348879,"Off-campus",1,1.1642117353243
3073.41745281227,34.6800840835221,3,74.3412093214268,"Off-campus",1,16.3076141815604
2020.43389144521,30.9272000901942,2,73.146468974653,"Off-campus",0,5.71464096281822
4021.75744470065,38.7940979132516,2,40.9317454265987,"Apartment",0,6.73523613805318
4289.96782172437,25.5212314606344,5,48.4751418226556,"Off-campus",0,9.03554070659915
1921.47440649073,34.0000219666254,1,62.9028726820533,"Off-campus",0,2.99875175918532
2675.07633391447,40.8033524321526,1,77.1575314319551,"Off-campus",1,6.94842062705605
2180.16781633351,22.7481430796883,1,48.5100104395699,"Off-campus",0,8.24594976186227
2415.32719641683,14.4163910979583,4,56.6381100142005,"On-campus",1,0.452279460124328
3651.91899346096,23.0851874628951,4,83.57020402466,"Apartment",1,16.1051762453779
2714.76735457893,23.2876700801169,3,43.0897913872276,"Off-campus",0,0.852957396174245
4249.82387156827,26.2134440360746,0,74.2169097107529,"Apartment",1,7.57844633743234
3014.02286357549,38.6984398185543,4,66.7315228385234,"Apartment",0,12.7153891543732
2755.68029395078,22.3908488599572,4,43.4127820716551,"On-campus",1,0.232716309661293
2530.51226175898,27.9840372464393,0,49.9819823673933,"On-campus",0,0.383897466777892
1723.55109965838,23.1785274808358,5,71.749162654533,"On-campus",0,0.420380587237689
2545.51830893864,25.1636056682003,10,63.7343914906819,"On-campus",1,0.0821532178948657
1855.79460609798,27.5124613080501,5,81.3764741620121,"On-campus",0,0.592109460835705
4051.56594450586,35.6257175682959,3,50.9732405686262,"Apartment",1,3.20636574968778
3900.3846194013,25.9705470199262,7,34.2826845543078,"Off-campus",1,10.5180855371597
2611.39946719918,30.7027385602489,4,75.717403897174,"Apartment",0,4.53548590815766
2205.57242432529,31.2308802382683,4,50.8706757234881,"On-campus",0,0.183645264446333
1310.14885494452,32.3181861668451,2,61.8051079023383,"On-campus",1,0.240699891140981
2712.93327513933,20.4048435825249,7,85.785627207777,"Apartment",0,7.38989776136608
2741.96014479461,38.0150497135574,6,56.2437892153321,"On-campus",0,0.260336281493056
3784.22937792399,21.9523460856479,9,83.2433299109547,"Apartment",0,8.54801501451411
2021.3056139215,24.153726658802,7,43.5429052510133,"On-campus",1,0.397880760269639
1776.51953451183,36.2324021417134,1,73.8826685417435,"On-campus",0,0.029613152141915
2700.62372713395,35.3526712491646,2,63.701988178065,"Apartment",1,10.8543803907065
3016.48826299306,16.2800650207101,11,48.9484269097282,"On-campus",1,0.264441727126289
2534.39821084373,18.0154319966603,5,40.7998659166552,"On-campus",0,0.171689936268232
1843.30553972788,14.1353675250351,8,61.1496549539176,"On-campus",0,0.356096624028704
4059.72372363098,26.4547775409587,8,63.8274714368112,"Off-campus",1,7.67364048058046
3803.18221161623,26.3187269433477,5,64.1617022555202,"Apartment",0,5.06973405055131
2155.62299908228,27.9129174988405,6,68.0528403334732,"On-campus",1,0.368901180052985
4349.1945980803,29.4172617137485,4,53.0927165103493,"Apartment",0,15.3551864013762
